"Città",
"Seregno",
"Settala (MI)",
"Bergamo",
"Cisliano (MI)",
"Milano (MI)",
"Vignate (MI)",
"Lecce",
"Milano (MI)",
"Cusano Milanino (MI)",
"Ranica (BG)",
"Solaro (MI)",
"Pioltello (MI)",
"Desio (MB)",
"Genova ",
"Milano (MI)",
"Cinisello Balsamo (MI)",
"Pontirolo Nuovo (BG)",
"Bari",
"Milano",
"Pantigliate (MI)",
"Paullo (MI)",
"Milano (MI)",
"Pioltello (Mi)",
"Milano (MI)",
"Milano (MI)",
"san giuliano  milanese (MI)",
"gorgonzola (Mi)",
"Paderno Dugnano (MI)",
"Lodi (LO)",
"Milano (MI)",
"Vimodrone (MI)",
"Ornago (MB)",
"Varese (VA)",
"Lissone (MB)",
"MILANO",
"Perugia ",
"CASORATE SEMPIONE (VA)",
"Cesano Maderno (MB)",
"MODENA (MO)",
"Milano (MI)",
"Milano (MI)",
"Bellusco (MB)",
"Firenze",
"Milano",
"Milano",
"Cassano d'Adda (MI)",
"Bollate (MI)",
"Cernusco sul naviglio (MI)",
"Caponago (MB)",
"MILANO",
"Macherio (MB)",
"Brugherio (MB)",
"Pregnana Milanese (Mi)",
"Guanzate(CO)",
"Paullo (MI)",
"SESTO SAN GIOVANNI (MI)",
"Cavenago di Brianza (MB)",
"Milano",
"Varedo (MB)",
"SAN DONATO MILANESE (mi)",
"CERVETERI (RM)",
"PANTIGLIATE (mi)",
"OLEGGIO (NO)",
"Milano",
"MESSINA",
"BRIOSCO (MB)",
"ROMAO DI LOMBARDA (BG)",
"BERNAREGGIO (MB)",
"GODIASCO (PV)",
"Milano",
"Milano",
"Cornaredo (MI)",
"Villasanta (MB)",
"Milano",
"Monza",
"Cernusco Sul Naviglio (MI)",
"Massalengo (Lo)",
"VANZAGHELLO (MI)",
"tresivio (so)",
"TRIUGGIO (MB)",
"Lodi (LO)",
"MILANO",
"VIMERCATE (MB)",
"MILANO",
"FOSACESIA (CH)",
"MONZA",
"BESANA IN BRIANZA (MB)",
"MILANO",
"GIOIOSA IONICA RC",
"MONZA (MB)",
"TREVIGLIO (BG)",
"FIORENZUOLA D'ARDA (PC)",
"TORINO",
"SANTA MARGERITA LIGURE (GE)",
"MILANO",
"Bologna",
"SAN GIORGIO A CREMANO (na)",
"MONZA (MB)",
"CISLAGO (va)",
"GAZZANIGA (BG)",
"DALMINE (BG)",
"Brugherio (MB)",
"Vignate (MI)",
"MILANO",
"Cassano d'Adda (MI)",
"SAN ROCCO AL PORTO (Mi)",
"CAVARIA CON PREMEZZO (VA)",
"TREVIGLIO (BG)",
"BUSTO ARSIZIO (VA)",
"ROMA",
"PARIGI",
"SESTO FIORENTINO (FI)",
"CASTRO (BG)",
"GOLASECCA (VA)",
"TAVERNOLA BERGAMASCA (BG)",
"ENDINE GAIANO (BG)",
"LECCO (LC)",
"CHIVASSO (TO)",
"MILANO",
"TRUCCAZZANO (MI)",
"BOCA (NO)",
"BARDELLO (VA)",
"PORTO MANTOVANO (MN)",
"COLOGNO AL SERIO (BG)",
"POZZO D'ADDA (MI)",
"CISLAGO (VA)",
"SEREGNO (MB)",
"Cernusco Sul Naviglio (MI)",
"MONZA (MB)",
"MILANO",
"DAVOLI (CZ)",
"MILANO",
"TIRANO (SO)",
"Cinisello Balsamo (MI)",
"MILANO",
"MILANO",
"MILANO",
"TORRE BOLDONE (BG)",
"BAGNO A RIPOLI (Fi)",
"MILANO",
"PARMA (PR)",
"MILANO",
"MONZA (MB)",
"MORBEGNO (SO)",
"TREVIGLIO (BG)",
"CARUGATE (MI)",
"MONZA (MB)",
"MESSINA",
"CASTANO PRIMO (MI)",
"MILANO",
"MILANO",
"MONZA",
"BERGAMO",
"Guanzate(CO)",
"COLOGNO MONZESE (MI)",
"MILANO",
"Settala (MI)",
"SEREGNO (MB)",
"CANNETO PAVESE (PV)",
"MALFA (ME)",
"CUGGIONO (MI)",
"STROZZA (BG)",
"TERNO D'ISOLA (BG)",
"LUINO (VA)",
"MERATE (LC)",
"MILANO",
"Segrate (Mi)",
"Solbiate Olona (VA)",
"MILANO",
"BREMBILLA (BG)",
"TRAVAGLIATO (BS)",
"TREVIOLO (BG)",
"Segrate (Mi)",
"ARCORE (MB)",
"MILANO",
"MILANO",
"COSTA MASNAGA (LC)",
"MOZZATE (CO)",
"MILANO",
"CUSANO MIlanino (MI)",
"CANTÙ (CO)",
"PUMENENGO (BG)",
"MILANO",
"CLIVIO (VA)",
"SEGrate (Mi)",
"MILANO",
"POGGIO A CAIANO (PO)",
"MILANO",
"CERMENATE (CO)",
"BOFFALORA SOPRA TICINO (MI)",
"MERATE (LC)",
"PALAZZOLO SULL'OGLIO (BS)",
"MILANO",
"Sant'arsinio",
"Tivoli",
"nibbiano",
"Tarzo",
"Bovolone",
"mezzolombardo",
"Bondeno",
"bassano del grappa",
"Belfiore",
"Pescantina",
"Verona",
"Selvazzano dentro",
"Verona",
"torrita di Siena",
"Crosia",
"VIGODARZERE",
"San Martino Buonalbergo",
"Verona",
"Bergantino",
"Legnago",
"CASLINO D'ERBA",
"Lavis",
"Verona",
"Valdagno",
"Alberobello",
"Ala",
"Gazzo Veronese",
"Zevio",
"SAN TEODORO",
"Codigoro",
"Sanguinetto",
"Bari",
"Montefiore dell'aso",
"Venezia",
"Venezia",
"Palmi (RC)",
"Terni",
"Barbaresco (CN)",
"Trieste",
"Merano (BZ)",
"Arzignano (VI)",
"Alzano Lombardo (BG)",
"Gavi (AL)",
"Guardiaregia (CB)",
"Genova",
"Trieste",
"Verona",
"Verona",
"Genova",
"Noto (SR)",
"Verona",
"Portomaggiore (FE)",
"Andria (BT)",
"Torre di Mosto (VE)",
"Corigliano Calabro (CS)",
"Palermo",
"Edolo (BS)",
"Verona",
"Falconara Marittima (AN)",
"Milazzo (ME)",
"Quinto di Treviso",
"Fabriano",
"Treviso",
"Marigliano",
"Latina",
"Giavera del Montello",
"Mirandola",
"Mioglia",
"San Nazaro Sesia",
"Sona",
"Genova",
"Imperia",
"Scafati",
"Modena",
"Verona",
"Malcesine",
"Arezzo",
"Copparo",
"Mirano",
"Sassuolo",
"Matelica",
"Sarzana",
"Corvara in Badia",
"Tivoli",
"LECCE",
"POTENZA",
"EBOLI",
"AREZZO",
"LECCE",
"CITTANOVA",
"CATANIA",
"THIENE",
"CASTELMASSA",
"FISCIANO",
"MONTERIGGIONI",
"IMPRUNETA",
"ANZIO",
"QUARRATA",
"Genova",
"Trasaghis",
"Rossano Veneto",
"San Bonifacio",
"Rovigo",
"Compiano ",
"Catania",
"Gambara",
"Castellabate",
"Mezzane Di Sotto",
"Cepagatti",
"Calizzano",
"Roma",
"Felonica",
"Tregnago",
"Aci Castello",
"Venezia",
"Pescia",
"Camposanpiero",
"Siracusa",
"Sammichele di Bari",
"Redondesco",
"Tivoli",
"Cento",
"Martina Franca",
"Marcaria",
"Pordenone",
"Bondeno",
"Messina",
"Porto Mantovano",
"Siracusa",
"Sarzana",
"Marostica",
"Cardito",
"Rapallo",
"Udine",
"Avellino",
"Villa carcina",
"Castelluccio Inferiore",
"Santangelo in Linzzola",
"Ponzano Monferrato",
"Milano",
"Ogliastro Cilento",
"Sovizzo",
"Bologna",
"Bologna",
"Bologna",
"Salerno",
"Bologna",
"Cento (Fe)",
"Loiano (Bo)",
"Bologna",
"Bologna",
"Bologna",
"Bologna",
"Castenaso (Bo)",
"Bologna",
"Bologna",
"Calderara di Reno (Bo)",
"Bologna",
"Bologna",
"Bologna",
"Bologna",
"Argelato (Bo)",
"Bologna",
"Bologna",
"San Giovanni in Persiceto (Bo)",
"Castel San Pietro Terme (Bo)",
"Bologna",
"Cento (Fe)",
"Bologna",
"Bologna",
"Reggio Calabria",
"Bologna",
"Bologna",
"Pianoro (Bo)",
"San Lazzaro di Savena (Bo)",
"Bologna",
"Valsamoggia (Bo)",
"Bologna",
"Pianoro (Bo)",
"Cento (Fe)",
"Sorrento (Na)",
"Moltalto Uffugo (Cs)",
"Isola di Capo Rizzuto (Kr)",
"Bologna",
"Bologna",
"San Lazzaro di Savena (Bo)",
"Bologna",
"Zola Predosa (Bo)",
"Marzabotto (Bo)",
"Bologna",
"Bologna",
"Nuoro",
"San Lazzaro di Savena (Bo)",
"Bologna",
"Bologna",
"Budrio (Bo)",
"Bologna",
"Ravenna",
"Rosta",
"Torino",
"Villarbasse",
"Torino",
"Piossasco",
"Torino",
"Lucinasco",
"Pinerolo",
"QUALIANO",
"VILLA LITERNO",
"POMIGLIANO D'ARCO",
"SESSA AURUNCA",
"NAPOLI",
"CASERTA",
"SALA CONSILINA",
"GIUGLIANO",
"AFRAGOLA",
"ALVIGNANO",
"VILLARICCA",
"AVELLINO",
"SANT'ANTIMO",
"MARZANO DI NOLA",
"SANT'ANTIMO",
"NAPOLI",
"TORRE ANNUNZIATA",
"S. GIORGIO A CREMANO",
"STRIANO",
"NAPOLI",
"Brisighella (RA)",
"Rimini",
"Faenza (RA)",
"Romanengo (CR)",
"Cesena (FC)",
"Rimini",
"Cento (FE)",
"Longiano (FC)",
"Ravenna",
"Ravenna",
"Faenza (RA)",
"Conselice (RA)",
"Faenza (RA)",
"Ferrara",
"Cesena (FC)",
"Rimini",
"Faenza (RA)",
"Bellaria-Igea Marina (RN)",
"Ravenna",
"Riccione (RN)",
"Rimini",
"Ravenna",
"Bagnacavallo (RA)",
"Savignano sul Rubicone (FC)",
"Cervia (RA)",
"Roncofreddo (FC)",
"Gatteo (FC)",
"Cesena (FC)",
"Cesena (FC)",
"Cervia (RA)",
"Cesenatico (FC)",
"Cesena (FC)",
"Savignano sul Rubicone (FC)",
"Bologna",
"Cesena (FC)",
"Bagno di Romagna (FC)",
"Forlì",
"Predappio (FC)",
"ROMA",
"Roma",
"Roma",
"Roma",
"Roma",
"ROMA",
"ROMA",
"ROMA",
"ARDEA",
"Roma",
"FIUMICINO",
"COLLEFERRO",
"ROMA",
"MELFI",
"BRACCIANO",
"Veroli (FR)",
"ROMA",
"Roma",
"LABICO",
"Anzio (RM)",
"ROMA",
"LATINA",
"ROMA",
"ROMA",
"APRILIA",
"APRILIA",
"Roma",
"TREVIGNANO ROMANO",
"Sommatino (CL)",
"ROMA",
"MAZZANO ROMANA",
"PALESTRINA",
"Castrocielo (FR)",
"LATINA",
"NUORO",
"Nerola (RM)",
"ROMA",
"ROMA",
"ROMA",
"ROMA",
"ROMA",
"ROMA",
"Aprilia (LT)",
"Roma",
"NAPOLI",
"Oriolo Romano (VT)",
"FONDI",
"AVELLINO",
"Castelliri (FR)",
"TERRACINA",
"Roma",
"ROMA",
"ROMA",
"Roma",
"GROSSETO",
"LATINA",
"ROMA",
"ROMA",
"FERENTINO",
"ROMA",
"Roma",
"LADISPOLI",
"roma",
"Latina",
"VASTO",
"Monte San Giovanni Campano (FR)",
"ROMA",
"Gallicano nel Lazio (RM)",
"Roma",
"Torino",
"ROMA",
"ROMA",
"AVELLINO",
"ROMA",
"NAPOLI",
"ROMA",
"Roma",
"BISCEGLIE",
"BUONALBERGO",
"ARIANO IRPINO",
"CASERTA",
"MANFREDONIA",
"OSTUNI",
"SAN SEVERO",
"MONTE FALCONE NEL SANNIO",
"ROMA",
"RUVO DI PUGLIA",
"CONTURSI TERME",
"SERRACAPRIOLA",
"CERIGNOLA",
"MONOPOLI",
"SAN GIOVANNI ROTONDO",
"SAN SEVERO",
"LECCE",
"MANFREDONIA",
"MANFREDONIA",
"BARI",
"ANDRIA",
"SAN GIOVANNI ROTONDO",
"ALBEROBELLO",
"FOGGIA",
"SAN SEVERO",
"CERIGNOLA",
"BARI",
"FOGGIA",
"ALTAMURA",
"ANDRIA",
"TRANI",
"CONVERSANO",
"SAN SEVERO",
"SPINAZZOLA",
"ISOLE TREMITI",
"MANFREDONIA",
"GIOIA DEL COLLE",
"SAN SEVERO",
"SANNICANDRO",
"VENOSA",
"CASALVECCHIO DI PUGLIA",
"BISCEGLIE",
"CANOSA DI PUGLIA",
"CASALDUNI",
"PUTIGNANO",
"SAN GIOVANNI ROTONDO",
"ACRI",
"GADESCO PIEVE DEL MONA (CR)",
"MOTTA BALUFFI (CR)",
"CANNETO SULL'OGLIO (MN)",
"CREMONA",
"CASTELEVETRO PIACENTINO (PC)",
"VESCOVATO (CR)",
"MISANO DI GERA D'ADDA (BG)",
"CREMONA",
"PIEVE D'OLMI (CR)",
"CREMONA",
"Gorgonzola",
"Lainate",
"Lurate Caccivio",
"Milano",
"Peschiera Borromeo",
"Concorezzo",
"Cologno Monzese",
"Garbagnate Monastero",
"Cornate d'Adda",
"Calamonaci",
"Milano",
"Milano",
"toritto (BA)",
"Cologno Monzese",
"Gorgonzola",
"Paullo",
"Cologno Monzese",
"Milano",
"Quarto (NA)",
"Milano",
"Monvalle",
"Cabiate",
"Pedrengo",
"Cernusco sul Naviglio",
"Milano",
"Tirano",
"Canegrate",
"Ostellato (FE)",
"Noviglio",
"Milano",
"Corigliano-Rossano",
"Albavilla",
"Fino Mornasco",
"Torino",
"Busto Arsizio",
"Marcellinara",
"Siracusa",
"Gessate",
"Rivolta d'Adda",
"S Donato Milanese",
"Milano",
"Salvirola",
"Milano",
"Milano",
"Milano",
"Milano",
"Foggia",
"Foggia",
"Foggia",
"Manfredonia (FG)",
"Cerignola (FG)",
"Manfredonia (FG)",
"Deliceto (FG)",
"Foggia",
"Foggia",
"Bari",
"Foggia",
"S. Ferdinando di Puglia (BT)",
"Foggia",
"Apricena (FG)",
"Foggia",
"Foggia",
"Foggia",
"Vico del Gargano (FG)",
"Foggia",
"Foggia",
"Cerignola (FG)",
"San Severo (FG)",
"Deliceto (FG)",
"Foggia",
"Ascoli Satriano (FG)",
"Foggia",
"Bari",
"Foggia",
"Lucera (FG)",
"San Severo (FG)",
"RODI GARGANICO",
"SAN SEVERO",
"GRAZZANISE",
"SAN SEVERO",
"PESCHICI",
"CARBONARA",
"STORNARA",
"MINERVINO MURGE",
"SAN SEVERO",
"BARLETTA",
"LUCERA",
"BISCEGLIE",
"S. PAOLO CIVITATE",
"Germignaga",
"Borriana",
"Caresanablot",
"Novara",
"OTTAVIANO",
"ERCOLANO",
"BARONISSI",
"AFRAGOLA",
"VICO EQUENSE",
"PIETRAMALARA",
"MILANO",
"Rho",
"CESANO MADERNO",
"Svizzera",
"Milano",
"Jesolo (VE)",
"Mirano (VE)",
"Bagnolo Mella",
"Torino",
"Valdisotto",
"Milano",
"Endine Gaiano",
"MILANO",
"Carate Urio",
"Soncino",
"Agrate Brianza",
"Segrate",
"Carimate",
"Pisa",
"x",
"Trezzano sul Naviglio",
"Milano",
"Izano",
"MILANO",
"genova",
"finale ligure",
"granarolo dell'emilia",
"fermo",
"caltanissetta",
"quiliano",
"molfetta",
"brescia",
"ponzano monferrato",
"treviso",
"chavari",
"varese",
"empoli",
"roncoferraro",
"porto recanati",
"napoli",
"avezzano",
"palermo",
"verona",
"foggia",
"sassari",
"sassari",
"crotone",
"ausonia",
"ogliastro cilento",
"sovizzo",
"pastena ",
"san vincenzo valle roveto",
"roma",
"cairo montenotte",
"parma",
"milazzo",
"marigliano",
"montefiore dell'aso",
"sant'angelo rosciano",
"agliana",
"vergiate",
"codigoro",
"trento",
"salerno",
"chies d'alpago",
"verona",
"napoli",
"marcaria",
"vicenza",
"treviso",
"taranto",
"villa collemandina",
"atella",
"lucca",
"napoli",
"pianiga",
"quartu sant'elena",
"padova",
"verona",
"roma",
"acquaviva delle fonti",
"orzinuovi",
"Jesolo",
"messina",
"san bonifacio",
"bergamo",
"venezia",
"veruno",
"vittorio veneto",
"caneva",
"cuggiono",
"cremona",
"caluso d'adda",
"bergamo",
"vanzago",
"cattolica",
"verona",
"cartigliano",
"frascati",
"agrigento",
"como",
"TRIUGGIO",
"LONATE POZZOLO",
"MILANO",
"MILANO",
"POZZO D'ADDA",
"MILANO",
"CERNUSCO SUL NAVIGLIO",
"MILANO",
"VEDUGGIO CON COLZANO",
"PIEVE EMANUELE",
"CIANCIANA",
"CANTU'",
"MAZARA DEL VALLO",
"MILANO",
"CASALPUSTERLENGO",
"VOGHERA",
"CESANO MADERNO",
"MILANO",
"CANEGRATE",
"MILANO",
"CESANO BOSCONE",
"RIVA DEL GARDA",
"ROMA",
"MILANO",
"PADERNO DUGNANO",
"VIMERCATE",
"BUCCINASCO",
"MILANO",
"LANDRIANO",
"MILANO",
"PIOLTELLO",
"MILANO",
"MILANO",
"CASTIGLION FIBOCCHI",
"CERNUSCO SUL NAVIGLIO",
"COLOGNO MONZESE",
"LEGNANO",
"MILANO",
"SEMINARA",
"MILANO",
"SESTO SAN GIOVANNI",
"POZZO D'ADDA",
"MILANO",
"MILANO",
"TERMOLI",
"MELEGNANO",
"MILANO",
"MILANO",
"MILANO",
"BUSTO ARSIZIO",
"CORMANO",
"MILANO",
"BRIGNANO-FRASCATA",
"GRUGLIASCO",
"NESSO",
"QUINTO DI TREVISO",
"MILANO",
"ANACAPRI",
"LIVORNO",
"MILANO",
"MILANO",
"MILANO",
"MELZO",
"PINEROLO",
"MILANO",
"PAULLO",
"PESCHIERA BORROMEO",
"BERGAMO",
"ABBIATEGRASSO",
"MILANO",
"NOVATE MILANESE",
"NOVA MILANESE",
"PESCARA",
"Rosignano marittima",
"COLOGNO MONZESE",
"MILANO",
"BERGAMO",
"OZZERO",
"PADERNO DUGNANO",
"POZZUOLO MARTESANA",
"MILANO",
"SEREGNO",
"MILANO",
"PESCARA",
"ORTONA",
"PESCARA",
"PESCARA",
"CAPPELLE SUL TAVO",
"LANCIANO",
"SAN SALVO",
"ALBA ADRIATICA",
"VILLALFONSINA (CH)",
"VASTO",
"PESCARA",
"CASALBORDINO",
"PIANELLA",
"PESCARA",
"POPOLI",
"CHIETI",
"Ravenna",
"Lucera (FG)",
"Cerignola (FG)",
"Serino (AV)",
"Troia (FG)",
"Lucera (FG)",
"NAPOLI",
"LANCUSI (SA)",
"NAPOLI",
"ERCOLANO",
"NAPOLI",
"NAPOLI",
"SAN MARCO EVANGELISTA (CE)",
"NAPOLI",
"Gricignano",
"CASORIA",
"Ravenna",
"Bologna",
"Bologna",
"Bologna",
"Budrio (Bo)",
"Bologna",
"Bologna",
"Bologna",
"Cesena (FC)",
"Vecchiano (PI)",
"Bollate",
"seveso",
"milano",
"crema",
"MILANO",
"izzano",
"milano",
"MILANO",
"MILANO",
"San Donato",
"CERNUSCO SUL NAVIGLIO",
"Lesmo",
"ciserano",
"MILANO",
"lentate sul seveso",
"SESTO SAN GIOVANNI",
"MILANO",
"como",
"Rivolta d'Adda",
"tavazzano con villavesco",
"Monza",
"primaluna",
"buccinasco",
"rozzano",
"samarate",
"MILANO",
"Verderio superiore",
